symbol,company_name,sector,index
TXG,10x Genomics,Health Care,RUSSELL1000
MMM,3M,Industrials,RUSSELL1000
AOS,A. O. Smith,Industrials,RUSSELL1000
AAON,AAON,Industrials,RUSSELL1000
ABT,Abbott Laboratories,Health Care,RUSSELL1000
ABBV,AbbVie,Health Care,RUSSELL1000
ACHC,Acadia Healthcare,Health Care,RUSSELL1000
ACN,Accenture,Information Technology,RUSSELL1000
AYI,Acuity Brands,Industrials,RUSSELL1000
ADBE,Adobe Inc.,Information Technology,RUSSELL1000
ADT,ADT Inc.,Consumer Discretionary,RUSSELL1000
AAP,Advance Auto Parts,Consumer Discretionary,RUSSELL1000
WMS,Advanced Drainage Systems,Industrials,RUSSELL1000
AMD,Advanced Micro Devices,Information Technology,RUSSELL1000
ACM,AECOM,Industrials,RUSSELL1000
AES,AES Corporation,Utilities,RUSSELL1000
AMG,Affiliated Managers Group,Financials,RUSSELL1000
AFRM,Affirm Holdings,Information Technology,RUSSELL1000
AFL,Aflac,Financials,RUSSELL1000
AGCO,AGCO,Industrials,RUSSELL1000
A,Agilent Technologies,Health Care,RUSSELL1000
ADC,Agree Realty,Real Estate,RUSSELL1000
AGNC,AGNC Investment,Financials,RUSSELL1000
AL,Air Lease Corporation,Industrials,RUSSELL1000
APD,Air Products,Materials,RUSSELL1000
ABNB,Airbnb,Consumer Discretionary,RUSSELL1000
AKAM,Akamai Technologies,Information Technology,RUSSELL1000
ALK,Alaska Air Group,Industrials,RUSSELL1000
ALB,Albemarle Corporation,Materials,RUSSELL1000
ACI,Albertsons,Consumer Staples,RUSSELL1000
AA,Alcoa,Materials,RUSSELL1000
ARE,Alexandria Real Estate Equities,Real Estate,RUSSELL1000
ALGN,Align Technology,Health Care,RUSSELL1000
ALLE,Allegion,Industrials,RUSSELL1000
ALGM,Allegro MicroSystems,Information Technology,RUSSELL1000
LNT,Alliant Energy,Utilities,RUSSELL1000
ALSN,Allison Transmission,Industrials,RUSSELL1000
ALL,Allstate,Financials,RUSSELL1000
ALLY,Ally Financial,Financials,RUSSELL1000
ALNY,Alnylam Pharmaceuticals,Health Care,RUSSELL1000
GOOGL,Alphabet (Class A),Communication Services,RUSSELL1000
GOOG,Alphabet (Class C),Communication Services,RUSSELL1000
MO,Altria,Consumer Staples,RUSSELL1000
AMZN,Amazon,Consumer Discretionary,RUSSELL1000
AMCR,Amcor,Materials,RUSSELL1000
DOX,Amdocs,Information Technology,RUSSELL1000
AMED,Amedisys,Health Care,RUSSELL1000
AMTM,Amentum,Industrials,RUSSELL1000
AS,Amer Sports,Consumer Discretionary,RUSSELL1000
AEE,Ameren,Utilities,RUSSELL1000
AAL,American Airlines Group,Industrials,RUSSELL1000
AEP,American Electric Power,Utilities,RUSSELL1000
AXP,American Express,Financials,RUSSELL1000
AFG,American Financial Group,Financials,RUSSELL1000
AMH,American Homes 4 Rent,Real Estate,RUSSELL1000
AIG,American International Group,Financials,RUSSELL1000
AMT,American Tower,Real Estate,RUSSELL1000
AWK,American Water Works,Utilities,RUSSELL1000
COLD,Americold,Real Estate,RUSSELL1000
AMP,Ameriprise Financial,Financials,RUSSELL1000
AME,Ametek,Industrials,RUSSELL1000
AMGN,Amgen,Health Care,RUSSELL1000
AMKR,Amkor Technology,Information Technology,RUSSELL1000
APH,Amphenol,Information Technology,RUSSELL1000
ADI,Analog Devices,Information Technology,RUSSELL1000
ANGI,Angi Inc.,Communication Services,RUSSELL1000
NLY,Annaly Capital Management,Financials,RUSSELL1000
ANSS,Ansys,Information Technology,RUSSELL1000
AM,Antero Midstream,Energy,RUSSELL1000
AR,Antero Resources,Energy,RUSSELL1000
AON,AON,Financials,RUSSELL1000
APA,APA Corporation,Energy,RUSSELL1000
APG,APi Group,Industrials,RUSSELL1000
APLS,Apellis Pharmaceuticals,Health Care,RUSSELL1000
APO,Apollo Global Management,Financials,RUSSELL1000
APPF,AppFolio,Information Technology,RUSSELL1000
AAPL,Apple Inc.,Information Technology,RUSSELL1000
AMAT,Applied Materials,Information Technology,RUSSELL1000
APP,AppLovin,Information Technology,RUSSELL1000
ATR,AptarGroup,Materials,RUSSELL1000
APTV,Aptiv,Consumer Discretionary,RUSSELL1000
ARMK,Aramark,Consumer Discretionary,RUSSELL1000
ACGL,Arch Capital Group,Financials,RUSSELL1000
ADM,Archer Daniels Midland,Consumer Staples,RUSSELL1000
ARES,Ares Management,Financials,RUSSELL1000
ANET,Arista Networks,Information Technology,RUSSELL1000
AWI,Armstrong World Industries,Industrials,RUSSELL1000
ARW,Arrow Electronics,Information Technology,RUSSELL1000
AJG,Arthur J. Gallagher & Co.,Financials,RUSSELL1000
ASH,Ashland Global,Materials,RUSSELL1000
AIZ,Assurant,Financials,RUSSELL1000
AGO,Assured Guaranty,Financials,RUSSELL1000
ALAB,Astera Labs,Information Technology,RUSSELL1000
T,AT&T,Communication Services,RUSSELL1000
ATI,ATI Inc.,Industrials,RUSSELL1000
TEAM,Atlassian,Information Technology,RUSSELL1000
ATO,Atmos Energy,Utilities,RUSSELL1000
ADSK,Autodesk,Information Technology,RUSSELL1000
ADP,Automatic Data Processing,Industrials,RUSSELL1000
AN,AutoNation,Consumer Discretionary,RUSSELL1000
AZO,AutoZone,Consumer Discretionary,RUSSELL1000
AVB,AvalonBay Communities,Real Estate,RUSSELL1000
AVTR,Avantor,Health Care,RUSSELL1000
AVY,Avery Dennison,Materials,RUSSELL1000
CAR,Avis Budget Group,Industrials,RUSSELL1000
AVT,Avnet,Information Technology,RUSSELL1000
AXTA,Axalta,Materials,RUSSELL1000
AXS,AXIS Capital,Financials,RUSSELL1000
AXON,Axon Enterprise,Industrials,RUSSELL1000
AZEK,Azek,Industrials,RUSSELL1000
AZTA,Azenta,Health Care,RUSSELL1000
BKR,Baker Hughes,Energy,RUSSELL1000
BALL,Ball Corporation,Materials,RUSSELL1000
BAC,Bank of America,Financials,RUSSELL1000
OZK,Bank OZK,Financials,RUSSELL1000
BBWI,"Bath & Body Works, Inc.",Consumer Discretionary,RUSSELL1000
BAX,Baxter International,Health Care,RUSSELL1000
BDX,Becton Dickinson,Health Care,RUSSELL1000
BRBR,BellRing Brands,Consumer Staples,RUSSELL1000
BSY,Bentley Systems,Information Technology,RUSSELL1000
BRK.B,Berkshire Hathaway,Financials,RUSSELL1000
BBY,Best Buy,Consumer Discretionary,RUSSELL1000
BILL,Bill.com,Information Technology,RUSSELL1000
BIO,Bio-Rad Laboratories,Health Care,RUSSELL1000
TECH,Bio-Techne,Health Care,RUSSELL1000
BIIB,Biogen,Health Care,RUSSELL1000
BMRN,BioMarin Pharmaceutical,Health Care,RUSSELL1000
BIRK,Birkenstock,Consumer Discretionary,RUSSELL1000
BJ,BJ's Wholesale Club,Consumer Staples,RUSSELL1000
BLK,BlackRock,Financials,RUSSELL1000
BX,Blackstone Inc.,Financials,RUSSELL1000
HRB,H&R Block,Consumer Discretionary,RUSSELL1000
XYZ,"Block, Inc.",Financials,RUSSELL1000
OWL,Blue Owl Capital,Financials,RUSSELL1000
BK,BNY Mellon,Financials,RUSSELL1000
BA,Boeing,Industrials,RUSSELL1000
BOKF,BOK Financial Corporation,Financials,RUSSELL1000
BKNG,Booking Holdings,Consumer Discretionary,RUSSELL1000
BAH,Booz Allen Hamilton,Industrials,RUSSELL1000
BWA,BorgWarner,Consumer Discretionary,RUSSELL1000
SAM,Boston Beer Company,Consumer Staples,RUSSELL1000
BSX,Boston Scientific,Health Care,RUSSELL1000
BYD,Boyd Gaming,Consumer Discretionary,RUSSELL1000
BFAM,Bright Horizons,Consumer Discretionary,RUSSELL1000
BHF,Brighthouse Financial,Financials,RUSSELL1000
BMY,Bristol Myers Squibb,Health Care,RUSSELL1000
BRX,Brixmor Property Group,Real Estate,RUSSELL1000
AVGO,Broadcom,Information Technology,RUSSELL1000
BR,Broadridge Financial Solutions,Industrials,RUSSELL1000
BEPC,Brookfield Renewable Partners,Utilities,RUSSELL1000
BRO,Brown & Brown,Financials,RUSSELL1000
BF.A,Brown–Forman (Class A),Consumer Staples,RUSSELL1000
BF.B,Brown–Forman (Class B),Consumer Staples,RUSSELL1000
BRKR,Bruker,Health Care,RUSSELL1000
BC,Brunswick Corporation,Consumer Discretionary,RUSSELL1000
BLDR,Builders FirstSource,Industrials,RUSSELL1000
BG,Bunge Global,Consumer Staples,RUSSELL1000
BURL,Burlington Stores,Consumer Discretionary,RUSSELL1000
BWXT,BWX Technologies,Industrials,RUSSELL1000
BXP,"BXP, Inc.",Real Estate,RUSSELL1000
CHRW,C.H. Robinson,Industrials,RUSSELL1000
CACI,CACI,Industrials,RUSSELL1000
CDNS,Cadence Design Systems,Information Technology,RUSSELL1000
CZR,Caesars Entertainment,Consumer Discretionary,RUSSELL1000
CPT,Camden Property Trust,Real Estate,RUSSELL1000
CPB,Campbell Soup Company,Consumer Staples,RUSSELL1000
COF,Capital One,Financials,RUSSELL1000
CPRI,Capri Holdings,Consumer Discretionary,RUSSELL1000
CAH,Cardinal Health,Health Care,RUSSELL1000
CSL,Carlisle Companies,Industrials,RUSSELL1000
CG,Carlyle Group (The),Financials,RUSSELL1000
KMX,CarMax,Consumer Discretionary,RUSSELL1000
CCL,Carnival Corporation & plc,Consumer Discretionary,RUSSELL1000
CARR,Carrier Global,Industrials,RUSSELL1000
CRI,Carter's,Consumer Discretionary,RUSSELL1000
CVNA,Carvana,Consumer Discretionary,RUSSELL1000
CASY,Casey's,Consumer Staples,RUSSELL1000
CAT,Caterpillar Inc.,Industrials,RUSSELL1000
CAVA,Cava Group,Consumer Discretionary,RUSSELL1000
CBOE,Cboe Global Markets,Financials,RUSSELL1000
CBRE,CBRE Group,Real Estate,RUSSELL1000
CCCS,CCC Intelligent Solutions,Information Technology,RUSSELL1000
CDW,CDW,Information Technology,RUSSELL1000
CE,Celanese,Materials,RUSSELL1000
CELH,Celsius Holdings,Consumer Staples,RUSSELL1000
COR,Cencora,Health Care,RUSSELL1000
CNC,Centene,Health Care,RUSSELL1000
CNP,Centerpoint Energy,Utilities,RUSSELL1000
CERT,"Certara, Inc.",Health Care,RUSSELL1000
CF,CF Industries,Materials,RUSSELL1000
CRL,Charles River Laboratories,Health Care,RUSSELL1000
SCHW,Charles Schwab Corporation,Financials,RUSSELL1000
CHTR,Charter Communications,Communication Services,RUSSELL1000
CHE,Chemed Corporation,Health Care,RUSSELL1000
CC,Chemours,Materials,RUSSELL1000
LNG,Cheniere Energy,Energy,RUSSELL1000
CVX,Chevron Corporation,Energy,RUSSELL1000
CMG,Chipotle Mexican Grill,Consumer Discretionary,RUSSELL1000
CHH,Choice Hotels,Consumer Discretionary,RUSSELL1000
CHRD,Chord Energy,Energy,RUSSELL1000
CB,Chubb Limited,Financials,RUSSELL1000
CHD,Church & Dwight,Consumer Staples,RUSSELL1000
CHDN,Churchill Downs Incorporated,Consumer Discretionary,RUSSELL1000
CIEN,Ciena,Information Technology,RUSSELL1000
CI,Cigna,Health Care,RUSSELL1000
CINF,Cincinnati Financial,Financials,RUSSELL1000
CTAS,Cintas,Industrials,RUSSELL1000
CRUS,Cirrus Logic,Information Technology,RUSSELL1000
CSCO,Cisco,Information Technology,RUSSELL1000
C,Citigroup,Financials,RUSSELL1000
CFG,Citizens Financial Group,Financials,RUSSELL1000
CIVI,Civitas Resources,Energy,RUSSELL1000
CLVT,Clarivate,Industrials,RUSSELL1000
CLH,Clean Harbors,Industrials,RUSSELL1000
CWEN.A,Clearway Energy (Class A),Utilities,RUSSELL1000
CWEN,Clearway Energy (Class C),Utilities,RUSSELL1000
CLF,Cleveland-Cliffs,Materials,RUSSELL1000
CLX,Clorox,Consumer Staples,RUSSELL1000
NET,Cloudflare,Information Technology,RUSSELL1000
CME,CME Group,Financials,RUSSELL1000
CMS,CMS Energy,Utilities,RUSSELL1000
CNA,CNA Financial,Financials,RUSSELL1000
CNH,CNH Industrial,Industrials,RUSSELL1000
KO,Coca-Cola Company (The),Consumer Staples,RUSSELL1000
COKE,Coca-Cola Consolidated,Consumer Staples,RUSSELL1000
CGNX,Cognex Corporation,Information Technology,RUSSELL1000
CTSH,Cognizant,Information Technology,RUSSELL1000
COHR,Coherent Corp.,Information Technology,RUSSELL1000
COIN,Coinbase,Financials,RUSSELL1000
CL,Colgate-Palmolive,Consumer Staples,RUSSELL1000
COLB,Columbia Banking System,Financials,RUSSELL1000
COLM,Columbia Sportswear,Consumer Discretionary,RUSSELL1000
CMCSA,Comcast,Communication Services,RUSSELL1000
CMA,Comerica,Financials,RUSSELL1000
FIX,Comfort Systems USA,Industrials,RUSSELL1000
CBSH,Commerce Bancshares,Financials,RUSSELL1000
CAG,Conagra Brands,Consumer Staples,RUSSELL1000
CNXC,Concentrix,Information Technology,RUSSELL1000
CFLT,"Confluent, Inc.",Information Technology,RUSSELL1000
COP,ConocoPhillips,Energy,RUSSELL1000
ED,Consolidated Edison,Utilities,RUSSELL1000
STZ,Constellation Brands,Consumer Staples,RUSSELL1000
CEG,Constellation Energy,Utilities,RUSSELL1000
COO,Cooper Companies (The),Health Care,RUSSELL1000
CPRT,Copart,Industrials,RUSSELL1000
CNM,Core & Main,Industrials,RUSSELL1000
GLW,Corning Inc.,Information Technology,RUSSELL1000
CPAY,Corpay,Financials,RUSSELL1000
CTVA,Corteva,Materials,RUSSELL1000
CSGP,CoStar Group,Industrials,RUSSELL1000
COST,Costco,Consumer Staples,RUSSELL1000
CTRA,Coterra,Energy,RUSSELL1000
COTY,Coty,Consumer Staples,RUSSELL1000
CPNG,Coupang,Consumer Discretionary,RUSSELL1000
CUZ,Cousins Properties,Real Estate,RUSSELL1000
CR,Crane Co.,Industrials,RUSSELL1000
CXT,Crane NXT,Industrials,RUSSELL1000
CACC,Credit Acceptance,Financials,RUSSELL1000
CRH,CRH plc,Materials,RUSSELL1000
CROX,Crocs,Consumer Discretionary,RUSSELL1000
CRWD,CrowdStrike,Information Technology,RUSSELL1000
CCI,Crown Castle,Real Estate,RUSSELL1000
CCK,Crown Holdings,Materials,RUSSELL1000
CSX,CSX Corporation,Industrials,RUSSELL1000
CUBE,CubeSmart,Real Estate,RUSSELL1000
CMI,Cummins,Industrials,RUSSELL1000
CW,Curtiss-Wright,Industrials,RUSSELL1000
CVS,CVS Health,Health Care,RUSSELL1000
DHI,D. R. Horton,Consumer Discretionary,RUSSELL1000
DHR,Danaher Corporation,Health Care,RUSSELL1000
DRI,Darden Restaurants,Consumer Discretionary,RUSSELL1000
DAR,Darling Ingredients,Consumer Staples,RUSSELL1000
DDOG,Datadog,Information Technology,RUSSELL1000
DVA,DaVita,Health Care,RUSSELL1000
DAY,Dayforce,Industrials,RUSSELL1000
DECK,Deckers Brands,Consumer Discretionary,RUSSELL1000
DE,Deere & Company,Industrials,RUSSELL1000
DAL,Delta Air Lines,Industrials,RUSSELL1000
DELL,Dell Technologies,Information Technology,RUSSELL1000
XRAY,Dentsply Sirona,Health Care,RUSSELL1000
DVN,Devon Energy,Energy,RUSSELL1000
DXCM,Dexcom,Health Care,RUSSELL1000
FANG,Diamondback Energy,Energy,RUSSELL1000
DKS,Dick's Sporting Goods,Consumer Discretionary,RUSSELL1000
DLR,Digital Realty,Real Estate,RUSSELL1000
DDS,Dillard's,Consumer Discretionary,RUSSELL1000
DOCU,DocuSign,Information Technology,RUSSELL1000
DLB,Dolby Laboratories,Information Technology,RUSSELL1000
DG,Dollar General,Consumer Staples,RUSSELL1000
DLTR,Dollar Tree,Consumer Staples,RUSSELL1000
D,Dominion Energy,Utilities,RUSSELL1000
DPZ,Domino's,Consumer Discretionary,RUSSELL1000
DCI,Donaldson Company,Industrials,RUSSELL1000
DASH,DoorDash,Consumer Discretionary,RUSSELL1000
DV,DoubleVerify,Information Technology,RUSSELL1000
DOV,Dover Corporation,Industrials,RUSSELL1000
DOW,Dow Inc.,Materials,RUSSELL1000
DOCS,Doximity,Health Care,RUSSELL1000
DKNG,DraftKings,Consumer Discretionary,RUSSELL1000
DBX,Dropbox,Information Technology,RUSSELL1000
DTM,DT Midstream,Energy,RUSSELL1000
DTE,DTE Energy,Utilities,RUSSELL1000
DUK,Duke Energy,Utilities,RUSSELL1000
DNB,Dun & Bradstreet,Industrials,RUSSELL1000
DUOL,Duolingo,Consumer Discretionary,RUSSELL1000
DD,DuPont,Materials,RUSSELL1000
BROS,Dutch Bros. Coffee,Consumer Discretionary,RUSSELL1000
DXC,DXC Technology,Information Technology,RUSSELL1000
DT,Dynatrace,Information Technology,RUSSELL1000
ELF,e.l.f. Beauty,Consumer Staples,RUSSELL1000
EXP,Eagle Materials,Materials,RUSSELL1000
EWBC,East West Bancorp,Financials,RUSSELL1000
EGP,EastGroup Properties,Real Estate,RUSSELL1000
EMN,Eastman Chemical Company,Materials,RUSSELL1000
ETN,Eaton Corporation,Industrials,RUSSELL1000
EBAY,eBay,Consumer Discretionary,RUSSELL1000
ECL,Ecolab,Materials,RUSSELL1000
EIX,Edison International,Utilities,RUSSELL1000
EW,Edwards Lifesciences,Health Care,RUSSELL1000
ELAN,Elanco,Health Care,RUSSELL1000
ESTC,Elastic NV,Information Technology,RUSSELL1000
EA,Electronic Arts,Communication Services,RUSSELL1000
ESI,Element Solutions,Materials,RUSSELL1000
ELV,Elevance Health,Health Care,RUSSELL1000
EME,Emcor,Industrials,RUSSELL1000
EMR,Emerson Electric,Industrials,RUSSELL1000
EHC,Encompass Health,Health Care,RUSSELL1000
ENOV,Enovis,Health Care,RUSSELL1000
ENPH,Enphase Energy,Information Technology,RUSSELL1000
ENTG,Entegris,Information Technology,RUSSELL1000
ETR,Entergy,Utilities,RUSSELL1000
NVST,Envista,Health Care,RUSSELL1000
EOG,EOG Resources,Energy,RUSSELL1000
EPAM,EPAM Systems,Information Technology,RUSSELL1000
EPR,EPR Properties,Real Estate,RUSSELL1000
EQT,EQT Corporation,Energy,RUSSELL1000
EFX,Equifax,Industrials,RUSSELL1000
EQIX,Equinix,Real Estate,RUSSELL1000
EQH,Equitable Holdings,Financials,RUSSELL1000
ELS,Equity Lifestyle Properties,Real Estate,RUSSELL1000
EQR,Equity Residential,Real Estate,RUSSELL1000
ESAB,ESAB,Industrials,RUSSELL1000
WTRG,Essential Utilities,Utilities,RUSSELL1000
ESS,Essex Property Trust,Real Estate,RUSSELL1000
EL,Estée Lauder Companies (The),Consumer Staples,RUSSELL1000
ETSY,Etsy,Consumer Discretionary,RUSSELL1000
EEFT,Euronet Worldwide,Financials,RUSSELL1000
EVR,Evercore,Financials,RUSSELL1000
EG,Everest Group,Financials,RUSSELL1000
EVRG,Evergy,Utilities,RUSSELL1000
ES,Eversource Energy,Utilities,RUSSELL1000
ECG,Everus Construction Group,Industrials,RUSSELL1000
EXAS,Exact Sciences,Health Care,RUSSELL1000
EXEL,Exelixis,Health Care,RUSSELL1000
EXC,Exelon,Utilities,RUSSELL1000
EXE,Expand Energy,Energy,RUSSELL1000
EXPE,Expedia Group,Consumer Discretionary,RUSSELL1000
EXPD,Expeditors International,Industrials,RUSSELL1000
EXR,Extra Space Storage,Real Estate,RUSSELL1000
XOM,ExxonMobil,Energy,RUSSELL1000
FFIV,"F5, Inc.",Information Technology,RUSSELL1000
FDS,FactSet,Financials,RUSSELL1000
FICO,Fair Isaac,Information Technology,RUSSELL1000
FAST,Fastenal,Industrials,RUSSELL1000
FRT,Federal Realty Investment Trust,Real Estate,RUSSELL1000
FDX,FedEx,Industrials,RUSSELL1000
FERG,Ferguson Enterprises,Industrials,RUSSELL1000
FNF,Fidelity National Financial,Financials,RUSSELL1000
FIS,Fidelity National Information Services,Financials,RUSSELL1000
FITB,Fifth Third Bancorp,Financials,RUSSELL1000
FAF,First American Financial Corporation,Financials,RUSSELL1000
FCNCA,First Citizens BancShares,Financials,RUSSELL1000
FHB,"First Hawaiian, Inc.",Financials,RUSSELL1000
FHN,First Horizon Corporation,Financials,RUSSELL1000
FR,First Industrial Realty Trust,Real Estate,RUSSELL1000
FSLR,First Solar,Information Technology,RUSSELL1000
FE,FirstEnergy,Utilities,RUSSELL1000
FI,Fiserv,Financials,RUSSELL1000
FIVE,Five Below,Consumer Discretionary,RUSSELL1000
FIVN,Five9,Information Technology,RUSSELL1000
FND,Floor & Decor,Consumer Discretionary,RUSSELL1000
FLO,Flowers Foods,Consumer Staples,RUSSELL1000
FLS,Flowserve,Industrials,RUSSELL1000
FMC,FMC Corporation,Materials,RUSSELL1000
FNB,FNB Corporation,Financials,RUSSELL1000
F,Ford Motor Company,Consumer Discretionary,RUSSELL1000
FTNT,Fortinet,Information Technology,RUSSELL1000
FTV,Fortive,Industrials,RUSSELL1000
FTRE,Fortrea,Health Care,RUSSELL1000
FBIN,Fortune Brands Innovations,Industrials,RUSSELL1000
FOXA,Fox Corporation (Class A),Communication Services,RUSSELL1000
FOX,Fox Corporation (Class B),Communication Services,RUSSELL1000
BEN,Franklin Templeton Investments,Financials,RUSSELL1000
FCX,Freeport-McMoRan,Materials,RUSSELL1000
FRPT,Freshpet,Consumer Staples,RUSSELL1000
FYBR,Frontier Communications,Communication Services,RUSSELL1000
CFR,Frost Bank,Financials,RUSSELL1000
FCN,FTI Consulting,Industrials,RUSSELL1000
GME,GameStop,Consumer Discretionary,RUSSELL1000
GLPI,Gaming and Leisure Properties,Real Estate,RUSSELL1000
GAP,Gap Inc.,Consumer Discretionary,RUSSELL1000
GRMN,Garmin,Consumer Discretionary,RUSSELL1000
IT,Gartner,Information Technology,RUSSELL1000
GTES,Gates Corporation,Industrials,RUSSELL1000
GE,GE Aerospace,Industrials,RUSSELL1000
GEHC,GE HealthCare,Health Care,RUSSELL1000
GEV,GE Vernova,Industrials,RUSSELL1000
GEN,Gen Digital,Information Technology,RUSSELL1000
GNRC,Generac,Industrials,RUSSELL1000
GD,General Dynamics,Industrials,RUSSELL1000
GIS,General Mills,Consumer Staples,RUSSELL1000
GM,General Motors,Consumer Discretionary,RUSSELL1000
G,Genpact,Information Technology,RUSSELL1000
GNTX,Gentex,Consumer Discretionary,RUSSELL1000
GPC,Genuine Parts Company,Consumer Discretionary,RUSSELL1000
GILD,Gilead Sciences,Health Care,RUSSELL1000
GTLB,GitLab,Information Technology,RUSSELL1000
GPN,Global Payments,Financials,RUSSELL1000
GFS,GlobalFoundries,Information Technology,RUSSELL1000
GLOB,Globant,Information Technology,RUSSELL1000
GL,Globe Life,Financials,RUSSELL1000
GMED,Globus Medical,Health Care,RUSSELL1000
GDDY,GoDaddy,Information Technology,RUSSELL1000
GS,Goldman Sachs,Financials,RUSSELL1000
GGG,Graco Inc.,Industrials,RUSSELL1000
GRAL,"Grail, Inc.",Health Care,RUSSELL1000
LOPE,Grand Canyon Education,Consumer Discretionary,RUSSELL1000
GPK,Graphic Packaging,Materials,RUSSELL1000
GO,Grocery Outlet,Consumer Staples,RUSSELL1000
GWRE,Guidewire Software,Information Technology,RUSSELL1000
GXO,GXO Logistics,Industrials,RUSSELL1000
HAL,Halliburton,Energy,RUSSELL1000
THG,Hanover Insurance,Financials,RUSSELL1000
HOG,Harley-Davidson,Consumer Discretionary,RUSSELL1000
HIG,Hartford (The),Financials,RUSSELL1000
HAS,Hasbro,Consumer Discretionary,RUSSELL1000
HAYW,Hayward Holdings,Industrials,RUSSELL1000
HCA,HCA Healthcare,Health Care,RUSSELL1000
HR,Healthcare Realty Trust,Real Estate,RUSSELL1000
DOC,Healthpeak Properties,Real Estate,RUSSELL1000
HEI.A,HEICO (Class A),Industrials,RUSSELL1000
HEI,HEICO (Common),Industrials,RUSSELL1000
JKHY,Jack Henry & Associates,Financials,RUSSELL1000
HSY,Hershey Company (The),Consumer Staples,RUSSELL1000
HES,Hess Corporation,Energy,RUSSELL1000
HPE,Hewlett Packard Enterprise,Information Technology,RUSSELL1000
HXL,Hexcel,Industrials,RUSSELL1000
DINO,HF Sinclair,Energy,RUSSELL1000
HIW,Highwoods Properties,Real Estate,RUSSELL1000
HLT,Hilton Worldwide,Consumer Discretionary,RUSSELL1000
HOLX,Hologic,Health Care,RUSSELL1000
HD,Home Depot (The),Consumer Discretionary,RUSSELL1000
HON,Honeywell,Industrials,RUSSELL1000
HRL,Hormel Foods,Consumer Staples,RUSSELL1000
HST,Host Hotels & Resorts,Real Estate,RUSSELL1000
HLI,Houlihan Lokey,Financials,RUSSELL1000
HHH,Howard Hughes Holdings,Real Estate,RUSSELL1000
HWM,Howmet Aerospace,Industrials,RUSSELL1000
HPQ,HP Inc.,Information Technology,RUSSELL1000
HUBB,Hubbell Incorporated,Industrials,RUSSELL1000
HUBS,HubSpot,Information Technology,RUSSELL1000
HUM,Humana,Health Care,RUSSELL1000
HBAN,Huntington Bancshares,Financials,RUSSELL1000
HII,Huntington Ingalls Industries,Industrials,RUSSELL1000
HUN,Huntsman Corporation,Materials,RUSSELL1000
H,Hyatt Hotels,Consumer Discretionary,RUSSELL1000
IAC,IAC Inc.,Communication Services,RUSSELL1000
IBM,IBM,Information Technology,RUSSELL1000
IDA,Idacorp,Utilities,RUSSELL1000
IEX,IDEX Corporation,Industrials,RUSSELL1000
IDXX,Idexx Laboratories,Health Care,RUSSELL1000
ITW,Illinois Tool Works,Industrials,RUSSELL1000
ILMN,"Illumina, Inc.",Health Care,RUSSELL1000
INCY,Incyte,Health Care,RUSSELL1000
INFA,Informatica,Information Technology,RUSSELL1000
IR,Ingersoll Rand,Industrials,RUSSELL1000
INGM,Ingram Micro,Information Technology,RUSSELL1000
INGR,Ingredion,Consumer Staples,RUSSELL1000
INSP,Inspire Medical Systems,Health Care,RUSSELL1000
PODD,Insulet,Health Care,RUSSELL1000
INTC,Intel,Information Technology,RUSSELL1000
IBKR,Interactive Brokers,Financials,RUSSELL1000
ICE,Intercontinental Exchange,Financials,RUSSELL1000
IFF,International Flavors & Fragrances,Materials,RUSSELL1000
IP,International Paper,Materials,RUSSELL1000
IPG,Interpublic Group of Companies (The),Communication Services,RUSSELL1000
INTU,Intuit,Information Technology,RUSSELL1000
ISRG,Intuitive Surgical,Health Care,RUSSELL1000
IVZ,Invesco,Financials,RUSSELL1000
INVH,Invitation Homes,Real Estate,RUSSELL1000
IONS,Ionis Pharmaceuticals,Health Care,RUSSELL1000
IPGP,IPG Photonics,Information Technology,RUSSELL1000
IQV,IQVIA,Health Care,RUSSELL1000
IRDM,Iridium Communications,Communication Services,RUSSELL1000
IRM,Iron Mountain,Real Estate,RUSSELL1000
ITT,ITT Inc.,Industrials,RUSSELL1000
JBL,Jabil,Information Technology,RUSSELL1000
J,Jacobs Solutions,Industrials,RUSSELL1000
JHG,Janus Henderson,Financials,RUSSELL1000
JAZZ,Jazz Pharmaceuticals,Health Care,RUSSELL1000
JBHT,J. B. Hunt,Industrials,RUSSELL1000
JEF,Jefferies Financial Group,Financials,RUSSELL1000
JNJ,Johnson & Johnson,Health Care,RUSSELL1000
JCI,Johnson Controls,Industrials,RUSSELL1000
JLL,Jones Lang LaSalle,Real Estate,RUSSELL1000
JPM,JPMorgan Chase,Financials,RUSSELL1000
JNPR,Juniper Networks,Information Technology,RUSSELL1000
KBR,"KBR, Inc.",Industrials,RUSSELL1000
K,Kellanova,Consumer Staples,RUSSELL1000
KMPR,Kemper Corporation,Financials,RUSSELL1000
KVUE,Kenvue,Consumer Staples,RUSSELL1000
KDP,Keurig Dr Pepper,Consumer Staples,RUSSELL1000
KEY,Keycorp,Financials,RUSSELL1000
KEYS,Keysight,Information Technology,RUSSELL1000
KRC,Kilroy Realty,Real Estate,RUSSELL1000
KMB,Kimberly-Clark,Consumer Staples,RUSSELL1000
KIM,Kimco Realty,Real Estate,RUSSELL1000
KMI,Kinder Morgan,Energy,RUSSELL1000
KNSL,Kinsale Capital Group,Financials,RUSSELL1000
KEX,Kirby Corporation,Industrials,RUSSELL1000
KKR,KKR & Co. Inc.,Financials,RUSSELL1000
KLAC,KLA Corporation,Information Technology,RUSSELL1000
KNX,Knight-Swift,Industrials,RUSSELL1000
KSS,Kohl's,Consumer Discretionary,RUSSELL1000
KHC,Kraft Heinz,Consumer Staples,RUSSELL1000
KR,Kroger,Consumer Staples,RUSSELL1000
KD,Kyndryl,Information Technology,RUSSELL1000
LHX,L3Harris,Industrials,RUSSELL1000
LH,Labcorp,Health Care,RUSSELL1000
LRCX,Lam Research,Information Technology,RUSSELL1000
LAMR,Lamar Advertising,Real Estate,RUSSELL1000
LW,Lamb Weston,Consumer Staples,RUSSELL1000
LSTR,Landstar,Industrials,RUSSELL1000
LVS,Las Vegas Sands,Consumer Discretionary,RUSSELL1000
LSCC,Lattice Semiconductor,Information Technology,RUSSELL1000
LAZ,Lazard,Financials,RUSSELL1000
LEA,Lear Corporation,Consumer Discretionary,RUSSELL1000
LEG,Leggett & Platt,Consumer Discretionary,RUSSELL1000
LDOS,Leidos,Industrials,RUSSELL1000
LEN,Lennar (Class A),Consumer Discretionary,RUSSELL1000
LEN.B,Lennar (Class B),Consumer Discretionary,RUSSELL1000
LII,Lennox International,Industrials,RUSSELL1000
LBRDA,Liberty Broadband (Series A),Communication Services,RUSSELL1000
LBRDK,Liberty Broadband (Series C),Communication Services,RUSSELL1000
LBTYA,Liberty Global (Series A),Communication Services,RUSSELL1000
LBTYK,Liberty Global (Series C),Communication Services,RUSSELL1000
FWONA,Liberty Formula 1 (Series A),Communication Services,RUSSELL1000
FWONK,Liberty Formula 1 (Series C),Communication Services,RUSSELL1000
LLYVA,Liberty Live (Series A),Communication Services,RUSSELL1000
LLYVK,Liberty Live (Series C),Communication Services,RUSSELL1000
LNW,Light & Wonder,Consumer Discretionary,RUSSELL1000
LLY,Lilly (Eli),Health Care,RUSSELL1000
LECO,Lincoln Electric,Industrials,RUSSELL1000
LNC,Lincoln Financial,Financials,RUSSELL1000
LIN,Linde plc,Materials,RUSSELL1000
LINE,"Lineage, Inc.",Real Estate,RUSSELL1000
LAD,Lithia Motors,Consumer Discretionary,RUSSELL1000
LFUS,Littelfuse,Information Technology,RUSSELL1000
LYV,Live Nation Entertainment,Communication Services,RUSSELL1000
LKQ,LKQ Corporation,Consumer Discretionary,RUSSELL1000
LOAR,Loar Holdings,Industrials,RUSSELL1000
LMT,Lockheed Martin,Industrials,RUSSELL1000
L,Loews Corporation,Financials,RUSSELL1000
LPX,Louisiana-Pacific,Materials,RUSSELL1000
LOW,Lowe's,Consumer Discretionary,RUSSELL1000
LPLA,LPL Financial,Financials,RUSSELL1000
LCID,Lucid Motors,Consumer Discretionary,RUSSELL1000
LULU,Lululemon Athletica,Consumer Discretionary,RUSSELL1000
LITE,Lumentum,Information Technology,RUSSELL1000
LYFT,Lyft,Industrials,RUSSELL1000
LYB,LyondellBasell,Materials,RUSSELL1000
MTB,M&T Bank,Financials,RUSSELL1000
MTSI,MACOM Technology Solutions,Information Technology,RUSSELL1000
M,"Macy's, Inc.",Consumer Discretionary,RUSSELL1000
MSGS,Madison Square Garden Sports,Communication Services,RUSSELL1000
MANH,Manhattan Associates,Information Technology,RUSSELL1000
MAN,ManpowerGroup,Industrials,RUSSELL1000
CART,Maplebear Inc.,Consumer Staples,RUSSELL1000
MPC,Marathon Petroleum,Energy,RUSSELL1000
MKL,Markel,Financials,RUSSELL1000
MKTX,MarketAxess,Financials,RUSSELL1000
MAR,Marriott International,Consumer Discretionary,RUSSELL1000
VAC,Marriott Vacations Worldwide,Consumer Discretionary,RUSSELL1000
MMC,Marsh McLennan,Financials,RUSSELL1000
MLM,Martin Marietta Materials,Materials,RUSSELL1000
MRVL,Marvell Technology,Information Technology,RUSSELL1000
MAS,Masco,Industrials,RUSSELL1000
MASI,Masimo,Health Care,RUSSELL1000
MTZ,MasTec,Industrials,RUSSELL1000
MA,Mastercard,Financials,RUSSELL1000
MTDR,Matador Resources,Energy,RUSSELL1000
MTCH,Match Group,Communication Services,RUSSELL1000
MAT,Mattel,Consumer Discretionary,RUSSELL1000
MKC,McCormick & Company,Consumer Staples,RUSSELL1000
MCD,McDonald's,Consumer Discretionary,RUSSELL1000
MCK,McKesson Corporation,Health Care,RUSSELL1000
MDU,MDU Resources,Utilities,RUSSELL1000
MPW,Medical Properties Trust,Real Estate,RUSSELL1000
MEDP,Medpace,Health Care,RUSSELL1000
MDT,Medtronic,Health Care,RUSSELL1000
MRK,Merck & Co.,Health Care,RUSSELL1000
META,Meta Platforms,Communication Services,RUSSELL1000
MET,Metlife,Financials,RUSSELL1000
MTD,Mettler Toledo,Health Care,RUSSELL1000
MTG,MGIC Investment Corporation,Financials,RUSSELL1000
MGM,MGM Resorts International,Consumer Discretionary,RUSSELL1000
MCHP,Microchip Technology,Information Technology,RUSSELL1000
MU,Micron Technology,Information Technology,RUSSELL1000
MSFT,Microsoft,Information Technology,RUSSELL1000
MSTR,MicroStrategy,Information Technology,RUSSELL1000
MAA,Mid-America Apartment Communities,Real Estate,RUSSELL1000
MIDD,Middleby,Industrials,RUSSELL1000
MRP,Millrose Properties,Consumer Discretionary,RUSSELL1000
MKSI,MKS Instruments,Information Technology,RUSSELL1000
MRNA,Moderna,Health Care,RUSSELL1000
MHK,Mohawk Industries,Consumer Discretionary,RUSSELL1000
MOH,Molina Healthcare,Health Care,RUSSELL1000
TAP,Molson Coors,Consumer Staples,RUSSELL1000
MDLZ,Mondelez International,Consumer Staples,RUSSELL1000
MDB,MongoDB Inc.,Information Technology,RUSSELL1000
MPWR,Monolithic Power Systems,Information Technology,RUSSELL1000
MNST,Monster Beverage,Consumer Staples,RUSSELL1000
MCO,Moody's Corporation,Financials,RUSSELL1000
MS,Morgan Stanley,Financials,RUSSELL1000
MORN,"Morningstar, Inc.",Financials,RUSSELL1000
MOS,Mosaic Company (The),Materials,RUSSELL1000
MSI,Motorola Solutions,Information Technology,RUSSELL1000
MP,MP Materials,Materials,RUSSELL1000
MSA,MSA Safety,Industrials,RUSSELL1000
MSM,MSC Industrial Direct,Industrials,RUSSELL1000
MSCI,MSCI,Financials,RUSSELL1000
MUSA,Murphy USA,Consumer Discretionary,RUSSELL1000
NDAQ,"Nasdaq, Inc.",Financials,RUSSELL1000
NTRA,Natera,Health Care,RUSSELL1000
NFG,National Fuel Gas,Utilities,RUSSELL1000
NSA,National Storage Affiliates,Real Estate,RUSSELL1000
NCNO,nCino,Information Technology,RUSSELL1000
NTAP,Netapp,Information Technology,RUSSELL1000
NFLX,Netflix,Communication Services,RUSSELL1000
NBIX,Neurocrine Biosciences,Health Care,RUSSELL1000
NFE,New Fortress Energy,Energy,RUSSELL1000
NYT,New York Times Company,Communication Services,RUSSELL1000
NWL,Newell Brands,Consumer Discretionary,RUSSELL1000
NEU,NewMarket,Materials,RUSSELL1000
NEM,Newmont,Materials,RUSSELL1000
NWSA,News Corp (Class A),Communication Services,RUSSELL1000
NWS,News Corp (Class B),Communication Services,RUSSELL1000
NXST,Nexstar Media Group,Communication Services,RUSSELL1000
NEE,NextEra Energy,Utilities,RUSSELL1000
NKE,"Nike, Inc.",Consumer Discretionary,RUSSELL1000
NI,NiSource,Utilities,RUSSELL1000
NNN,NNN Reit,Real Estate,RUSSELL1000
NDSN,Nordson,Industrials,RUSSELL1000
NSC,Norfolk Southern,Industrials,RUSSELL1000
NTRS,Northern Trust,Financials,RUSSELL1000
NOC,Northrop Grumman,Industrials,RUSSELL1000
NCLH,Norwegian Cruise Line Holdings,Consumer Discretionary,RUSSELL1000
NOV,NOV Inc.,Energy,RUSSELL1000
NRG,NRG Energy,Utilities,RUSSELL1000
NU,Nubank,Financials,RUSSELL1000
NUE,Nucor,Materials,RUSSELL1000
NTNX,Nutanix,Information Technology,RUSSELL1000
NVT,Nvent Electric,Industrials,RUSSELL1000
NVDA,Nvidia,Information Technology,RUSSELL1000
NVR,"NVR, Inc.",Consumer Discretionary,RUSSELL1000
ORLY,O'Reilly Auto Parts,Consumer Discretionary,RUSSELL1000
OXY,Occidental Petroleum,Energy,RUSSELL1000
OGE,OGE Energy,Utilities,RUSSELL1000
OKTA,"Okta, Inc.",Information Technology,RUSSELL1000
ODFL,Old Dominion Freight Line,Industrials,RUSSELL1000
ORI,Old Republic International,Financials,RUSSELL1000
OLN,Olin Corporation,Materials,RUSSELL1000
OLLI,Ollie's Bargain Outlet,Consumer Discretionary,RUSSELL1000
OHI,Omega Healthcare Investors,Real Estate,RUSSELL1000
OMC,Omnicom Group,Communication Services,RUSSELL1000
ON,ON Semiconductor,Information Technology,RUSSELL1000
OMF,OneMain Financial,Financials,RUSSELL1000
OKE,Oneok,Energy,RUSSELL1000
ONTO,Onto Innovation,Information Technology,RUSSELL1000
ORCL,Oracle Corporation,Information Technology,RUSSELL1000
OGN,Organon & Co.,Health Care,RUSSELL1000
OSK,Oshkosh Corporation,Industrials,RUSSELL1000
OTIS,Otis Worldwide,Industrials,RUSSELL1000
OVV,Ovintiv,Energy,RUSSELL1000
OC,Owens Corning,Industrials,RUSSELL1000
PCAR,Paccar,Industrials,RUSSELL1000
PKG,Packaging Corporation of America,Materials,RUSSELL1000
PLTR,Palantir Technologies,Information Technology,RUSSELL1000
PANW,Palo Alto Networks,Information Technology,RUSSELL1000
PARAA,Paramount Global (Class A),Communication Services,RUSSELL1000
PARA,Paramount Global (Class B),Communication Services,RUSSELL1000
PK,Park Hotels & Resorts,Real Estate,RUSSELL1000
PH,Parker Hannifin,Industrials,RUSSELL1000
PSN,Parsons Corporation,Industrials,RUSSELL1000
PAYX,Paychex,Industrials,RUSSELL1000
PAYC,Paycom,Information Technology,RUSSELL1000
PCTY,Paylocity,Information Technology,RUSSELL1000
PYPL,PayPal,Financials,RUSSELL1000
PEGA,Pegasystems,Information Technology,RUSSELL1000
PENN,Penn Entertainment,Consumer Discretionary,RUSSELL1000
PAG,Penske Automotive Group,Consumer Discretionary,RUSSELL1000
PNR,Pentair,Industrials,RUSSELL1000
PEN,"Penumbra, Inc.",Health Care,RUSSELL1000
PEP,PepsiCo,Consumer Staples,RUSSELL1000
PFGC,Performance Food Group,Consumer Staples,RUSSELL1000
PR,Permian Resources,Energy,RUSSELL1000
PRGO,Perrigo,Health Care,RUSSELL1000
PFE,Pfizer,Health Care,RUSSELL1000
PCG,PG&E Corporation,Utilities,RUSSELL1000
PM,Philip Morris International,Consumer Staples,RUSSELL1000
PSX,Phillips 66,Energy,RUSSELL1000
PPC,Pilgrim's Pride,Consumer Staples,RUSSELL1000
PNFP,Pinnacle Financial Partners,Financials,RUSSELL1000
PNW,Pinnacle West Capital,Utilities,RUSSELL1000
PINS,Pinterest,Communication Services,RUSSELL1000
PLNT,Planet Fitness,Consumer Discretionary,RUSSELL1000
PLTK,Playtika,Communication Services,RUSSELL1000
PNC,PNC Financial Services,Financials,RUSSELL1000
PII,Polaris Inc.,Consumer Discretionary,RUSSELL1000
POOL,Pool Corporation,Consumer Discretionary,RUSSELL1000
BPOP,"Popular, Inc.",Financials,RUSSELL1000
POST,Post Holdings,Consumer Staples,RUSSELL1000
PPG,PPG Industries,Materials,RUSSELL1000
PPL,PPL Corporation,Utilities,RUSSELL1000
PINC,"Premier, Inc.",Health Care,RUSSELL1000
TROW,T. Rowe Price,Financials,RUSSELL1000
PRI,Primerica,Financials,RUSSELL1000
PFG,Principal Financial Group,Financials,RUSSELL1000
PCOR,Procore,Information Technology,RUSSELL1000
PG,Procter & Gamble,Consumer Staples,RUSSELL1000
PGR,Progressive Corporation,Financials,RUSSELL1000
PLD,Prologis,Real Estate,RUSSELL1000
PB,Prosperity Bancshares,Financials,RUSSELL1000
PRU,Prudential Financial,Financials,RUSSELL1000
PTC,PTC Inc.,Information Technology,RUSSELL1000
PSA,Public Storage,Real Estate,RUSSELL1000
PEG,Public Service Enterprise Group,Utilities,RUSSELL1000
PHM,PulteGroup,Consumer Discretionary,RUSSELL1000
PSTG,Pure Storage,Information Technology,RUSSELL1000
PVH,PVH Corp.,Consumer Discretionary,RUSSELL1000
QGEN,Qiagen,Health Care,RUSSELL1000
QRVO,Qorvo,Information Technology,RUSSELL1000
QCOM,Qualcomm,Information Technology,RUSSELL1000
PWR,Quanta Services,Industrials,RUSSELL1000
QS,QuantumScape,Consumer Discretionary,RUSSELL1000
DGX,Quest Diagnostics,Health Care,RUSSELL1000
QDEL,QuidelOrtho,Health Care,RUSSELL1000
RL,Ralph Lauren Corporation,Consumer Discretionary,RUSSELL1000
RRC,Range Resources,Energy,RUSSELL1000
RJF,Raymond James Financial,Financials,RUSSELL1000
RYN,Rayonier,Real Estate,RUSSELL1000
RBA,RB Global,Industrials,RUSSELL1000
RBC,RBC Bearings,Industrials,RUSSELL1000
O,Realty Income,Real Estate,RUSSELL1000
RRX,Regal Rexnord,Industrials,RUSSELL1000
REG,Regency Centers,Real Estate,RUSSELL1000
REGN,Regeneron Pharmaceuticals,Health Care,RUSSELL1000
RF,Regions Financial Corporation,Financials,RUSSELL1000
RGA,Reinsurance Group of America,Financials,RUSSELL1000
RS,"Reliance, Inc.",Materials,RUSSELL1000
RNR,RenaissanceRe,Financials,RUSSELL1000
RGEN,Repligen,Health Care,RUSSELL1000
RSG,Republic Services,Industrials,RUSSELL1000
RMD,Resmed,Health Care,RUSSELL1000
RVTY,Revvity,Health Care,RUSSELL1000
REXR,Rexford Industrial,Real Estate,RUSSELL1000
REYN,Reynolds Consumer Products,Consumer Staples,RUSSELL1000
RH,RH,Consumer Discretionary,RUSSELL1000
RNG,RingCentral,Information Technology,RUSSELL1000
RITM,Rithm Capital,Financials,RUSSELL1000
RIVN,Rivian,Consumer Discretionary,RUSSELL1000
RLI,RLI Corp.,Financials,RUSSELL1000
RHI,Robert Half,Industrials,RUSSELL1000
HOOD,Robinhood Markets,Financials,RUSSELL1000
RBLX,Roblox Corporation,Communication Services,RUSSELL1000
RKT,Rocket Companies,Financials,RUSSELL1000
ROK,Rockwell Automation,Industrials,RUSSELL1000
ROIV,Roivant Sciences,Health Care,RUSSELL1000
ROKU,"Roku, Inc.",Communication Services,RUSSELL1000
ROL,"Rollins, Inc.",Industrials,RUSSELL1000
ROP,Roper Technologies,Industrials,RUSSELL1000
ROST,Ross Stores,Consumer Discretionary,RUSSELL1000
RCL,Royal Caribbean Group,Consumer Discretionary,RUSSELL1000
RGLD,Royal Gold,Materials,RUSSELL1000
RPRX,Royalty Pharma,Health Care,RUSSELL1000
RPM,RPM International,Materials,RUSSELL1000
RTX,RTX Corporation,Industrials,RUSSELL1000
RYAN,Ryan Specialty,Financials,RUSSELL1000
R,Ryder,Industrials,RUSSELL1000
SPGI,S&P Global,Financials,RUSSELL1000
SAIA,Saia,Industrials,RUSSELL1000
SAIC,SAIC,Industrials,RUSSELL1000
CRM,Salesforce,Information Technology,RUSSELL1000
SLM,Sallie Mae,Financials,RUSSELL1000
SNDK,SanDisk,Information Technology,RUSSELL1000
SRPT,Sarepta Therapeutics,Health Care,RUSSELL1000
SBAC,SBA Communications,Real Estate,RUSSELL1000
HSIC,Schein (Henry),Health Care,RUSSELL1000
SLB,Schlumberger,Energy,RUSSELL1000
SNDR,Schneider National,Industrials,RUSSELL1000
SMG,Scotts Miracle-Gro Company,Materials,RUSSELL1000
SEB,Seaboard Corporation,Consumer Staples,RUSSELL1000
SEE,Sealed Air,Materials,RUSSELL1000
SEG,Seaport Entertainment Group,Real Estate,RUSSELL1000
SEIC,SEI Investments Company,Financials,RUSSELL1000
SRE,Sempra,Utilities,RUSSELL1000
ST,Sensata Technologies,Industrials,RUSSELL1000
S,SentinelOne,Information Technology,RUSSELL1000
SCI,Service Corporation International,Consumer Discretionary,RUSSELL1000
NOW,ServiceNow,Information Technology,RUSSELL1000
SN,SharkNinja,Consumer Discretionary,RUSSELL1000
SHW,Sherwin-Williams,Materials,RUSSELL1000
FOUR,Shift4,Information Technology,RUSSELL1000
SLGN,Silgan Holdings,Materials,RUSSELL1000
SPG,Simon Property Group,Real Estate,RUSSELL1000
SSD,Simpson Manufacturing Company,Industrials,RUSSELL1000
SIRI,Sirius XM,Communication Services,RUSSELL1000
SITE,SiteOne Landscape Supply,Industrials,RUSSELL1000
SKX,Skechers,Consumer Discretionary,RUSSELL1000
SWKS,Skyworks Solutions,Information Technology,RUSSELL1000
SFD,Smithfield Foods,Consumer Staples,RUSSELL1000
SJM,J.M. Smucker Company (The),Consumer Staples,RUSSELL1000
SW,Smurfit Westrock,Materials,RUSSELL1000
SNA,Snap-on,Industrials,RUSSELL1000
SNOW,Snowflake Inc.,Information Technology,RUSSELL1000
SOFI,SoFi,Financials,RUSSELL1000
SOLV,Solventum,Health Care,RUSSELL1000
SGI,Somnigroup International,Consumer Discretionary,RUSSELL1000
SON,Sonoco,Materials,RUSSELL1000
SHC,Sotera Health,Health Care,RUSSELL1000
SO,Southern Company,Utilities,RUSSELL1000
SCCO,Southern Copper,Materials,RUSSELL1000
LUV,Southwest Airlines,Industrials,RUSSELL1000
SPB,Spectrum Brands,Consumer Staples,RUSSELL1000
SPR,Spirit AeroSystems,Industrials,RUSSELL1000
SPOT,Spotify,Communication Services,RUSSELL1000
SSNC,SS&C Technologies,Information Technology,RUSSELL1000
STAG,STAG Industrial,Real Estate,RUSSELL1000
SARO,StandardAero,Industrials,RUSSELL1000
SWK,Stanley Black & Decker,Industrials,RUSSELL1000
SBUX,Starbucks,Consumer Discretionary,RUSSELL1000
STWD,Starwood Property Trust,Financials,RUSSELL1000
STT,State Street Corporation,Financials,RUSSELL1000
STLD,Steel Dynamics,Materials,RUSSELL1000
STE,Steris,Health Care,RUSSELL1000
SF,Stifel,Financials,RUSSELL1000
SYK,Stryker Corporation,Health Care,RUSSELL1000
SUI,Sun Communities,Real Estate,RUSSELL1000
SMCI,Supermicro,Information Technology,RUSSELL1000
SYF,Synchrony Financial,Financials,RUSSELL1000
SNPS,Synopsys,Information Technology,RUSSELL1000
SNV,Synovus,Financials,RUSSELL1000
SYY,Sysco,Consumer Staples,RUSSELL1000
TMUS,T-Mobile US,Communication Services,RUSSELL1000
TTWO,Take-Two Interactive,Communication Services,RUSSELL1000
TPR,"Tapestry, Inc.",Consumer Discretionary,RUSSELL1000
TRGP,Targa Resources,Energy,RUSSELL1000
TGT,Target Corporation,Consumer Staples,RUSSELL1000
SNX,TD Synnex,Information Technology,RUSSELL1000
FTI,TechnipFMC,Energy,RUSSELL1000
TDY,Teledyne Technologies,Industrials,RUSSELL1000
TFX,Teleflex,Health Care,RUSSELL1000
THC,Tenet Healthcare,Health Care,RUSSELL1000
TDC,Teradata,Information Technology,RUSSELL1000
TER,Teradyne,Information Technology,RUSSELL1000
TSLA,"Tesla, Inc.",Consumer Discretionary,RUSSELL1000
TTEK,Tetra Tech,Industrials,RUSSELL1000
TXN,Texas Instruments,Information Technology,RUSSELL1000
TPL,Texas Pacific Land Corporation,Energy,RUSSELL1000
TXRH,Texas Roadhouse,Consumer Discretionary,RUSSELL1000
TXT,Textron,Industrials,RUSSELL1000
TMO,Thermo Fisher Scientific,Health Care,RUSSELL1000
TFSL,Third Federal S&L,Financials,RUSSELL1000
THO,Thor Industries,Consumer Discretionary,RUSSELL1000
TKR,Timken Company,Industrials,RUSSELL1000
TJX,TJX Companies,Consumer Discretionary,RUSSELL1000
TKO,TKO Group Holdings,Communication Services,RUSSELL1000
TOST,"Toast, Inc.",Information Technology,RUSSELL1000
TOL,Toll Brothers,Consumer Discretionary,RUSSELL1000
BLD,TopBuild,Consumer Discretionary,RUSSELL1000
TTC,Toro Company (The),Industrials,RUSSELL1000
TPG,TPG Inc.,Financials,RUSSELL1000
TSCO,Tractor Supply Company,Consumer Discretionary,RUSSELL1000
TTD,Trade Desk (The),Information Technology,RUSSELL1000
TW,Tradeweb,Financials,RUSSELL1000
TT,Trane Technologies,Industrials,RUSSELL1000
TDG,TransDigm Group,Industrials,RUSSELL1000
TRU,TransUnion,Industrials,RUSSELL1000
TNL,Travel + Leisure Co.,Consumer Discretionary,RUSSELL1000
TRV,Travelers Companies (The),Financials,RUSSELL1000
TREX,"Trex Company, Inc.",Industrials,RUSSELL1000
TRMB,Trimble Inc.,Information Technology,RUSSELL1000
TRIP,Tripadvisor,Communication Services,RUSSELL1000
TFC,Truist Financial,Financials,RUSSELL1000
DJT,Trump Media & Technology Group,Communication Services,RUSSELL1000
TWLO,Twilio,Information Technology,RUSSELL1000
TYL,Tyler Technologies,Information Technology,RUSSELL1000
TSN,Tyson Foods,Consumer Staples,RUSSELL1000
UHAL,U-Haul,Industrials,RUSSELL1000
UHAL.B,U-Haul (Series N),Industrials,RUSSELL1000
USB,U.S. Bancorp,Financials,RUSSELL1000
UBER,Uber,Industrials,RUSSELL1000
UI,Ubiquiti,Information Technology,RUSSELL1000
UDR,"UDR, Inc.",Real Estate,RUSSELL1000
UGI,UGI Corporation,Utilities,RUSSELL1000
PATH,UiPath,Information Technology,RUSSELL1000
ULTA,Ulta Beauty,Consumer Discretionary,RUSSELL1000
RARE,Ultragenyx,Health Care,RUSSELL1000
UAA,Under Armour (Class A),Consumer Discretionary,RUSSELL1000
UA,Under Armour (Class C),Consumer Discretionary,RUSSELL1000
UNP,Union Pacific Corporation,Industrials,RUSSELL1000
UAL,United Airlines Holdings,Industrials,RUSSELL1000
UPS,United Parcel Service,Industrials,RUSSELL1000
URI,United Rentals,Industrials,RUSSELL1000
UTHR,United Therapeutics,Health Care,RUSSELL1000
UWMC,United Wholesale Mortgage,Financials,RUSSELL1000
UNH,UnitedHealth Group,Health Care,RUSSELL1000
U,Unity Technologies,Information Technology,RUSSELL1000
OLED,Universal Display Corporation,Information Technology,RUSSELL1000
UHS,Universal Health Services,Health Care,RUSSELL1000
UNM,Unum,Financials,RUSSELL1000
USFD,US Foods,Consumer Staples,RUSSELL1000
MTN,Vail Resorts,Consumer Discretionary,RUSSELL1000
VLO,Valero Energy,Energy,RUSSELL1000
VMI,Valmont Industries,Industrials,RUSSELL1000
VVV,Valvoline,Materials,RUSSELL1000
VEEV,Veeva Systems,Health Care,RUSSELL1000
VTR,"Ventas, Inc.",Real Estate,RUSSELL1000
VLTO,Veralto,Industrials,RUSSELL1000
VRSN,Verisign,Information Technology,RUSSELL1000
VRSK,Verisk Analytics,Industrials,RUSSELL1000
VZ,Verizon,Communication Services,RUSSELL1000
VRTX,Vertex Pharmaceuticals,Health Care,RUSSELL1000
VRT,Vertiv,Industrials,RUSSELL1000
VSTS,Vestis,Consumer Discretionary,RUSSELL1000
VFC,VF Corporation,Consumer Discretionary,RUSSELL1000
VTRS,Viatris,Health Care,RUSSELL1000
VICI,Vici Properties,Real Estate,RUSSELL1000
VKTX,Viking Therapeutics,Health Care,RUSSELL1000
VNOM,Viper Energy,Energy,RUSSELL1000
VIRT,Virtu Financial,Financials,RUSSELL1000
V,Visa Inc.,Financials,RUSSELL1000
VST,Vistra Corp.,Utilities,RUSSELL1000
VNT,Vontier,Information Technology,RUSSELL1000
VNO,Vornado Realty Trust,Real Estate,RUSSELL1000
VOYA,Voya Financial,Financials,RUSSELL1000
VMC,Vulcan Materials,Materials,RUSSELL1000
WPC,W. P. Carey,Real Estate,RUSSELL1000
WRB,W. R. Berkley Corporation,Financials,RUSSELL1000
GWW,W. W. Grainger,Industrials,RUSSELL1000
WAB,Wabtec,Industrials,RUSSELL1000
WBA,Walgreens Boots Alliance,Consumer Staples,RUSSELL1000
WMT,Walmart,Consumer Staples,RUSSELL1000
DIS,Walt Disney Company (The),Communication Services,RUSSELL1000
WBD,Warner Bros. Discovery,Communication Services,RUSSELL1000
WM,"Waste Management, Inc.",Industrials,RUSSELL1000
WAT,Waters Corporation,Health Care,RUSSELL1000
WSO,Watsco,Industrials,RUSSELL1000
W,Wayfair,Consumer Discretionary,RUSSELL1000
WFRD,Weatherford International,Energy,RUSSELL1000
WBS,Webster Bank,Financials,RUSSELL1000
WEC,WEC Energy Group,Utilities,RUSSELL1000
WFC,Wells Fargo,Financials,RUSSELL1000
WELL,Welltower,Real Estate,RUSSELL1000
WEN,Wendy's Company (The),Consumer Discretionary,RUSSELL1000
WCC,Wesco International,Industrials,RUSSELL1000
WST,West Pharmaceutical Services,Health Care,RUSSELL1000
WAL,Western Alliance Bancorporation,Financials,RUSSELL1000
WDC,Western Digital,Information Technology,RUSSELL1000
WU,Western Union,Information Technology,RUSSELL1000
WLK,Westlake Corporation,Materials,RUSSELL1000
WEX,WEX Inc.,Financials,RUSSELL1000
WY,Weyerhaeuser,Real Estate,RUSSELL1000
WHR,Whirlpool Corporation,Consumer Discretionary,RUSSELL1000
WTM,White Mountains Insurance Group,Financials,RUSSELL1000
WMB,Williams Companies,Energy,RUSSELL1000
WSM,"Williams-Sonoma, Inc.",Consumer Discretionary,RUSSELL1000
WTW,Willis Towers Watson,Financials,RUSSELL1000
WSC,WillScot Mobile Mini,Industrials,RUSSELL1000
WING,Wingstop,Consumer Discretionary,RUSSELL1000
WTFC,Wintrust Financial,Financials,RUSSELL1000
WOLF,Wolfspeed,Information Technology,RUSSELL1000
WWD,"Woodward, Inc.",Industrials,RUSSELL1000
WDAY,"Workday, Inc.",Information Technology,RUSSELL1000
WH,Wyndham Hotels & Resorts,Consumer Discretionary,RUSSELL1000
WYNN,Wynn Resorts,Consumer Discretionary,RUSSELL1000
XEL,Xcel Energy,Utilities,RUSSELL1000
XP,XP Inc.,Financials,RUSSELL1000
XPO,"XPO, Inc.",Industrials,RUSSELL1000
XYL,Xylem Inc.,Industrials,RUSSELL1000
YETI,Yeti Holdings,Consumer Discretionary,RUSSELL1000
YUM,Yum! Brands,Consumer Discretionary,RUSSELL1000
ZBRA,Zebra Technologies,Information Technology,RUSSELL1000
ZG,Zillow (Class A),Real Estate,RUSSELL1000
Z,Zillow (Class C),Real Estate,RUSSELL1000
ZBH,Zimmer Biomet,Health Care,RUSSELL1000
ZION,Zions Bancorporation,Financials,RUSSELL1000
ZTS,Zoetis,Health Care,RUSSELL1000
ZM,Zoom Communications,Information Technology,RUSSELL1000
GTM,ZoomInfo,Communication Services,RUSSELL1000
ZS,Zscaler,Information Technology,RUSSELL1000
